date,temperature_2m
2023-12-02 05:00:00+00:00,-3.9415
2023-12-02 06:00:00+00:00,-3.9415
2023-12-02 07:00:00+00:00,-4.1915
2023-12-02 08:00:00+00:00,-4.2915
2023-12-02 09:00:00+00:00,-3.9915001
2023-12-02 10:00:00+00:00,-3.5414999
2023-12-02 11:00:00+00:00,-3.2914999
2023-12-02 12:00:00+00:00,-3.1415
2023-12-02 13:00:00+00:00,-3.1915
2023-12-02 14:00:00+00:00,-3.0915
2023-12-02 15:00:00+00:00,-3.0915
2023-12-02 16:00:00+00:00,-3.0915
2023-12-02 17:00:00+00:00,-2.9915
2023-12-02 18:00:00+00:00,-2.6915
2023-12-02 19:00:00+00:00,-2.3415
2023-12-02 20:00:00+00:00,-2.0414999
2023-12-02 21:00:00+00:00,-1.8414999
2023-12-02 22:00:00+00:00,-1.7414999
2023-12-02 23:00:00+00:00,-1.8414999
2023-12-03 00:00:00+00:00,-1.9914999
2023-12-03 01:00:00+00:00,-2.0414999
2023-12-03 02:00:00+00:00,-2.4415
2023-12-03 03:00:00+00:00,-2.4915
2023-12-03 04:00:00+00:00,-2.4915
2023-12-03 05:00:00+00:00,-2.9915
2023-12-03 06:00:00+00:00,-3.6415
2023-12-03 07:00:00+00:00,-3.9915001
2023-12-03 08:00:00+00:00,-4.2415004
2023-12-03 09:00:00+00:00,-3.1415
2023-12-03 10:00:00+00:00,-2.0915
2023-12-03 11:00:00+00:00,-1.3915
2023-12-03 12:00:00+00:00,-0.99149996
2023-12-03 13:00:00+00:00,-0.9415
2023-12-03 14:00:00+00:00,-1.7915
2023-12-03 15:00:00+00:00,-3.3415
2023-12-03 16:00:00+00:00,-5.5415
2023-12-03 17:00:00+00:00,-5.4915004
2023-12-03 18:00:00+00:00,-4.2415004
2023-12-03 19:00:00+00:00,-3.4915
2023-12-03 20:00:00+00:00,-2.6415
2023-12-03 21:00:00+00:00,-2.5915
2023-12-03 22:00:00+00:00,-2.2914999
2023-12-03 23:00:00+00:00,-2.6415
2023-12-04 00:00:00+00:00,-2.8915
2023-12-04 01:00:00+00:00,-3.8915
2023-12-04 02:00:00+00:00,-3.3915
2023-12-04 03:00:00+00:00,-3.8915
2023-12-04 04:00:00+00:00,-4.5415
2023-12-04 05:00:00+00:00,-4.7415004
2023-12-04 06:00:00+00:00,-4.9415
2023-12-04 07:00:00+00:00,-5.0915003
2023-12-04 08:00:00+00:00,-3.9415
2023-12-04 09:00:00+00:00,-3.2415
2023-12-04 10:00:00+00:00,-2.2914999
2023-12-04 11:00:00+00:00,-1.4914999
2023-12-04 12:00:00+00:00,-0.79150003
2023-12-04 13:00:00+00:00,-1.6415
2023-12-04 14:00:00+00:00,-1.8915
2023-12-04 15:00:00+00:00,-2.2415
2023-12-04 16:00:00+00:00,-2.0915
2023-12-04 17:00:00+00:00,-1.9914999
2023-12-04 18:00:00+00:00,-2.0414999
2023-12-04 19:00:00+00:00,-2.2415
2023-12-04 20:00:00+00:00,-2.4915
2023-12-04 21:00:00+00:00,-2.8415
2023-12-04 22:00:00+00:00,-2.6915
2023-12-04 23:00:00+00:00,-2.6915
2023-12-05 00:00:00+00:00,-3.4415
2023-12-05 01:00:00+00:00,-3.4915
2023-12-05 02:00:00+00:00,-2.7415
2023-12-05 03:00:00+00:00,-2.3915
2023-12-05 04:00:00+00:00,-2.0414999
2023-12-05 05:00:00+00:00,-2.0414999
2023-12-05 06:00:00+00:00,-2.0414999
2023-12-05 07:00:00+00:00,-1.9914999
2023-12-05 08:00:00+00:00,-1.7915
2023-12-05 09:00:00+00:00,-1.4914999
2023-12-05 10:00:00+00:00,-1.0914999
2023-12-05 11:00:00+00:00,-0.8415
2023-12-05 12:00:00+00:00,-0.8915
2023-12-05 13:00:00+00:00,-0.9415
2023-12-05 14:00:00+00:00,-0.79150003
2023-12-05 15:00:00+00:00,-0.8415
2023-12-05 16:00:00+00:00,-0.79150003
2023-12-05 17:00:00+00:00,-0.79150003
2023-12-05 18:00:00+00:00,-0.8415
2023-12-05 19:00:00+00:00,-0.8415
2023-12-05 20:00:00+00:00,-0.79150003
2023-12-05 21:00:00+00:00,-0.6415
2023-12-05 22:00:00+00:00,-0.5915
2023-12-05 23:00:00+00:00,-0.3415
2023-12-06 00:00:00+00:00,-0.19150001
2023-12-06 01:00:00+00:00,-0.6915
2023-12-06 02:00:00+00:00,-0.49150002
2023-12-06 03:00:00+00:00,-0.24150002
2023-12-06 04:00:00+00:00,-0.041500002
2023-12-06 05:00:00+00:00,0.0585
2023-12-06 06:00:00+00:00,0.108500004
2023-12-06 07:00:00+00:00,0.108500004
2023-12-06 08:00:00+00:00,0.0585
2023-12-06 09:00:00+00:00,0.108500004
2023-12-06 10:00:00+00:00,0.0585
2023-12-06 11:00:00+00:00,0.2085
2023-12-06 12:00:00+00:00,0.5085
2023-12-06 13:00:00+00:00,0.5085
2023-12-06 14:00:00+00:00,0.4585
2023-12-06 15:00:00+00:00,0.5085
2023-12-06 16:00:00+00:00,0.6085
2023-12-06 17:00:00+00:00,0.5585
2023-12-06 18:00:00+00:00,0.4085
2023-12-06 19:00:00+00:00,0.2585
2023-12-06 20:00:00+00:00,0.1585
2023-12-06 21:00:00+00:00,0.008499999
2023-12-06 22:00:00+00:00,-0.3415
2023-12-06 23:00:00+00:00,-0.3915
2023-12-07 00:00:00+00:00,-0.8915
2023-12-07 01:00:00+00:00,-0.49150002
2023-12-07 02:00:00+00:00,-0.041500002
2023-12-07 03:00:00+00:00,0.008499999
2023-12-07 04:00:00+00:00,0.0585
2023-12-07 05:00:00+00:00,-0.1415
2023-12-07 06:00:00+00:00,-0.24150002
2023-12-07 07:00:00+00:00,-0.24150002
2023-12-07 08:00:00+00:00,-0.09150001
2023-12-07 09:00:00+00:00,0.1585
2023-12-07 10:00:00+00:00,0.4085
2023-12-07 11:00:00+00:00,0.5085
2023-12-07 12:00:00+00:00,0.4585
2023-12-07 13:00:00+00:00,1.0585
2023-12-07 14:00:00+00:00,1.0585
2023-12-07 15:00:00+00:00,0.5585
2023-12-07 16:00:00+00:00,0.5585
2023-12-07 17:00:00+00:00,0.2585
2023-12-07 18:00:00+00:00,0.4085
2023-12-07 19:00:00+00:00,0.3585
2023-12-07 20:00:00+00:00,0.3585
2023-12-07 21:00:00+00:00,0.3585
2023-12-07 22:00:00+00:00,-0.2915
2023-12-07 23:00:00+00:00,-0.1415
2023-12-08 00:00:00+00:00,0.108500004
2023-12-08 01:00:00+00:00,-0.19150001
2023-12-08 02:00:00+00:00,-0.19150001
2023-12-08 03:00:00+00:00,0.008499999
2023-12-08 04:00:00+00:00,0.2085
2023-12-08 05:00:00+00:00,0.2085
2023-12-08 06:00:00+00:00,-0.3415
2023-12-08 07:00:00+00:00,-0.8415
2023-12-08 08:00:00+00:00,-0.5915
2023-12-08 09:00:00+00:00,0.2585
2023-12-08 10:00:00+00:00,1.0085
2023-12-08 11:00:00+00:00,1.2585001
2023-12-08 12:00:00+00:00,1.3585
2023-12-08 13:00:00+00:00,0.8585
2023-12-08 14:00:00+00:00,0.70849997
2023-12-08 15:00:00+00:00,0.5085
2023-12-08 16:00:00+00:00,0.5585
2023-12-08 17:00:00+00:00,0.6085
2023-12-08 18:00:00+00:00,0.6085
2023-12-08 19:00:00+00:00,0.6085
2023-12-08 20:00:00+00:00,0.6085
2023-12-08 21:00:00+00:00,0.6085
2023-12-08 22:00:00+00:00,0.6585
2023-12-08 23:00:00+00:00,0.7585
2023-12-09 00:00:00+00:00,0.8085
2023-12-09 01:00:00+00:00,0.7585
2023-12-09 02:00:00+00:00,0.9085
2023-12-09 03:00:00+00:00,1.0585
2023-12-09 04:00:00+00:00,1.2085
2023-12-09 05:00:00+00:00,1.3585
2023-12-09 06:00:00+00:00,1.4585
2023-12-09 07:00:00+00:00,1.6585001
2023-12-09 08:00:00+00:00,2.0585
2023-12-09 09:00:00+00:00,2.6585
2023-12-09 10:00:00+00:00,3.1085
2023-12-09 11:00:00+00:00,4.4084997
2023-12-09 12:00:00+00:00,4.6584997
2023-12-09 13:00:00+00:00,4.2584996
2023-12-09 14:00:00+00:00,3.4585001
2023-12-09 15:00:00+00:00,2.4585001
2023-12-09 16:00:00+00:00,2.1585
2023-12-09 17:00:00+00:00,2.2085001
2023-12-09 18:00:00+00:00,2.0085
2023-12-09 19:00:00+00:00,1.5585
2023-12-09 20:00:00+00:00,1.9085001
2023-12-09 21:00:00+00:00,2.4085
2023-12-09 22:00:00+00:00,2.9085
2023-12-09 23:00:00+00:00,3.1085
2023-12-10 00:00:00+00:00,3.0585
2023-12-10 01:00:00+00:00,2.6585
2023-12-10 02:00:00+00:00,1.5085001
2023-12-10 03:00:00+00:00,1.2085
2023-12-10 04:00:00+00:00,1.4085001
2023-12-10 05:00:00+00:00,1.8085
2023-12-10 06:00:00+00:00,2.5085
2023-12-10 07:00:00+00:00,3.2085001
2023-12-10 08:00:00+00:00,4.3085
2023-12-10 09:00:00+00:00,5.7085
2023-12-10 10:00:00+00:00,6.3085
2023-12-10 11:00:00+00:00,6.2584996
2023-12-10 12:00:00+00:00,6.4084997
2023-12-10 13:00:00+00:00,6.6584997
2023-12-10 14:00:00+00:00,6.7085
2023-12-10 15:00:00+00:00,6.7584996
2023-12-10 16:00:00+00:00,7.0084996
2023-12-10 17:00:00+00:00,7.1085
2023-12-10 18:00:00+00:00,6.9084997
2023-12-10 19:00:00+00:00,6.8085
2023-12-10 20:00:00+00:00,6.7584996
2023-12-10 21:00:00+00:00,5.8085
2023-12-10 22:00:00+00:00,5.2584996
2023-12-10 23:00:00+00:00,5.9585
2023-12-11 00:00:00+00:00,5.5084996
2023-12-11 01:00:00+00:00,5.3085
2023-12-11 02:00:00+00:00,5.3085
2023-12-11 03:00:00+00:00,7.0084996
2023-12-11 04:00:00+00:00,8.1085005
2023-12-11 05:00:00+00:00,7.7584996
2023-12-11 06:00:00+00:00,7.3085
2023-12-11 07:00:00+00:00,7.0084996
2023-12-11 08:00:00+00:00,6.8085
2023-12-11 09:00:00+00:00,7.2085
2023-12-11 10:00:00+00:00,7.4084997
2023-12-11 11:00:00+00:00,7.4084997
2023-12-11 12:00:00+00:00,7.6584997
2023-12-11 13:00:00+00:00,8.5085
2023-12-11 14:00:00+00:00,8.158501
2023-12-11 15:00:00+00:00,7.6584997
2023-12-11 16:00:00+00:00,7.1584997
2023-12-11 17:00:00+00:00,6.3585
2023-12-11 18:00:00+00:00,6.8085
2023-12-11 19:00:00+00:00,7.1584997
2023-12-11 20:00:00+00:00,7.1085
2023-12-11 21:00:00+00:00,7.1085
2023-12-11 22:00:00+00:00,6.7085
2023-12-11 23:00:00+00:00,6.5585
2023-12-12 00:00:00+00:00,6.5084996
2023-12-12 01:00:00+00:00,6.2085
2023-12-12 02:00:00+00:00,6.0585
2023-12-12 03:00:00+00:00,5.9084997
2023-12-12 04:00:00+00:00,5.9084997
2023-12-12 05:00:00+00:00,5.8585
2023-12-12 06:00:00+00:00,5.8585
2023-12-12 07:00:00+00:00,5.7085
2023-12-12 08:00:00+00:00,5.6584997
2023-12-12 09:00:00+00:00,5.8085
2023-12-12 10:00:00+00:00,5.9585
2023-12-12 11:00:00+00:00,6.1584997
2023-12-12 12:00:00+00:00,6.3085
2023-12-12 13:00:00+00:00,6.7085
2023-12-12 14:00:00+00:00,6.2584996
2023-12-12 15:00:00+00:00,5.7085
2023-12-12 16:00:00+00:00,5.2584996
2023-12-12 17:00:00+00:00,4.3085
2023-12-12 18:00:00+00:00,3.5585
2023-12-12 19:00:00+00:00,3.3585
2023-12-12 20:00:00+00:00,3.1085
2023-12-12 21:00:00+00:00,3.0085
2023-12-12 22:00:00+00:00,3.1585
2023-12-12 23:00:00+00:00,2.8585
2023-12-13 00:00:00+00:00,2.9585001
2023-12-13 01:00:00+00:00,3.5085
2023-12-13 02:00:00+00:00,3.5085
2023-12-13 03:00:00+00:00,3.6085
2023-12-13 04:00:00+00:00,4.0085
2023-12-13 05:00:00+00:00,4.1584997
2023-12-13 06:00:00+00:00,4.2584996
2023-12-13 07:00:00+00:00,4.2584996
2023-12-13 08:00:00+00:00,4.3085
2023-12-13 09:00:00+00:00,4.4084997
2023-12-13 10:00:00+00:00,4.5084996
2023-12-13 11:00:00+00:00,4.5084996
2023-12-13 12:00:00+00:00,4.7584996
2023-12-13 13:00:00+00:00,5.0084996
2023-12-13 14:00:00+00:00,4.9084997
2023-12-13 15:00:00+00:00,4.7085
2023-12-13 16:00:00+00:00,4.5585
2023-12-13 17:00:00+00:00,4.3585
2023-12-13 18:00:00+00:00,4.2584996
2023-12-13 19:00:00+00:00,4.1584997
2023-12-13 20:00:00+00:00,4.1085
2023-12-13 21:00:00+00:00,4.1085
2023-12-13 22:00:00+00:00,3.9585001
2023-12-13 23:00:00+00:00,3.7585
2023-12-14 00:00:00+00:00,3.3585
2023-12-14 01:00:00+00:00,3.6085
2023-12-14 02:00:00+00:00,3.2585
2023-12-14 03:00:00+00:00,3.1585
2023-12-14 04:00:00+00:00,3.0585
2023-12-14 05:00:00+00:00,2.9085
2023-12-14 06:00:00+00:00,2.8585
2023-12-14 07:00:00+00:00,2.7585
2023-12-14 08:00:00+00:00,2.8085
2023-12-14 09:00:00+00:00,2.9585001
2023-12-14 10:00:00+00:00,3.0585
2023-12-14 11:00:00+00:00,3.1585
2023-12-14 12:00:00+00:00,3.3585
2023-12-14 13:00:00+00:00,3.1585
2023-12-14 14:00:00+00:00,3.1085
2023-12-14 15:00:00+00:00,2.9085
2023-12-14 16:00:00+00:00,2.4085
2023-12-14 17:00:00+00:00,2.1085
2023-12-14 18:00:00+00:00,1.9085001
2023-12-14 19:00:00+00:00,1.7585001
2023-12-14 20:00:00+00:00,1.6085
2023-12-14 21:00:00+00:00,1.4585
2023-12-14 22:00:00+00:00,1.3585
2023-12-14 23:00:00+00:00,1.2585001
2023-12-15 00:00:00+00:00,1.2085
2023-12-15 01:00:00+00:00,1.6585001
2023-12-15 02:00:00+00:00,1.7585001
2023-12-15 03:00:00+00:00,1.4085001
2023-12-15 04:00:00+00:00,-0.19150001
2023-12-15 05:00:00+00:00,-0.19150001
2023-12-15 06:00:00+00:00,-0.24150002
2023-12-15 07:00:00+00:00,0.0585
2023-12-15 08:00:00+00:00,0.70849997
2023-12-15 09:00:00+00:00,1.7585001
2023-12-15 10:00:00+00:00,2.8585
2023-12-15 11:00:00+00:00,3.7585
2023-12-15 12:00:00+00:00,4.1584997
2023-12-15 13:00:00+00:00,4.2584996
2023-12-15 14:00:00+00:00,4.4585
2023-12-15 15:00:00+00:00,4.5084996
2023-12-15 16:00:00+00:00,4.7085
2023-12-15 17:00:00+00:00,4.9585
2023-12-15 18:00:00+00:00,5.1085
2023-12-15 19:00:00+00:00,4.8585
2023-12-15 20:00:00+00:00,5.2085
2023-12-15 21:00:00+00:00,5.4084997
2023-12-15 22:00:00+00:00,5.4585
2023-12-15 23:00:00+00:00,5.8585
2023-12-16 00:00:00+00:00,5.9585
2023-12-16 01:00:00+00:00,5.9084997
2023-12-16 02:00:00+00:00,6.2085
2023-12-16 03:00:00+00:00,6.1584997
2023-12-16 04:00:00+00:00,6.2584996
2023-12-16 05:00:00+00:00,6.2085
2023-12-16 06:00:00+00:00,6.0585
2023-12-16 07:00:00+00:00,5.4585
2023-12-16 08:00:00+00:00,4.9585
2023-12-16 09:00:00+00:00,5.5084996
2023-12-16 10:00:00+00:00,6.1584997
2023-12-16 11:00:00+00:00,6.6584997
2023-12-16 12:00:00+00:00,6.8085
2023-12-16 13:00:00+00:00,7.8085
2023-12-16 14:00:00+00:00,7.7584996
2023-12-16 15:00:00+00:00,7.6584997
2023-12-16 16:00:00+00:00,7.6584997
2023-12-16 17:00:00+00:00,7.5585
2023-12-16 18:00:00+00:00,7.6584997
2023-12-16 19:00:00+00:00,7.7085
2023-12-16 20:00:00+00:00,7.7584996
2023-12-16 21:00:00+00:00,7.7584996
2023-12-16 22:00:00+00:00,7.7584996
2023-12-16 23:00:00+00:00,7.8085
2023-12-17 00:00:00+00:00,7.8585
2023-12-17 01:00:00+00:00,8.1085005
2023-12-17 02:00:00+00:00,8.0585
2023-12-17 03:00:00+00:00,8.0585
2023-12-17 04:00:00+00:00,8.0585
2023-12-17 05:00:00+00:00,8.0585
2023-12-17 06:00:00+00:00,8.1085005
2023-12-17 07:00:00+00:00,8.1085005
2023-12-17 08:00:00+00:00,8.158501
2023-12-17 09:00:00+00:00,8.3585005
2023-12-17 10:00:00+00:00,8.5585
2023-12-17 11:00:00+00:00,8.8085
2023-12-17 12:00:00+00:00,8.8585005
2023-12-17 13:00:00+00:00,9.8085
2023-12-17 14:00:00+00:00,9.2585
2023-12-17 15:00:00+00:00,7.9084997
2023-12-17 16:00:00+00:00,7.4585
2023-12-17 17:00:00+00:00,7.2584996
2023-12-17 18:00:00+00:00,7.4084997
2023-12-17 19:00:00+00:00,7.0084996
2023-12-17 20:00:00+00:00,6.7085
2023-12-17 21:00:00+00:00,6.6085
2023-12-17 22:00:00+00:00,6.5585
2023-12-17 23:00:00+00:00,6.4585
2023-12-18 00:00:00+00:00,6.3085
2023-12-18 01:00:00+00:00,6.5084996
2023-12-18 02:00:00+00:00,6.2584996
2023-12-18 03:00:00+00:00,5.9585
2023-12-18 04:00:00+00:00,5.5585
2023-12-18 05:00:00+00:00,5.2584996
2023-12-18 06:00:00+00:00,5.1085
2023-12-18 07:00:00+00:00,5.5084996
2023-12-18 08:00:00+00:00,5.8085
2023-12-18 09:00:00+00:00,6.0084996
2023-12-18 10:00:00+00:00,6.3085
2023-12-18 11:00:00+00:00,6.7584996
2023-12-18 12:00:00+00:00,6.9084997
2023-12-18 13:00:00+00:00,7.1085
2023-12-18 14:00:00+00:00,6.9585
2023-12-18 15:00:00+00:00,7.0585
2023-12-18 16:00:00+00:00,7.0084996
2023-12-18 17:00:00+00:00,6.6584997
2023-12-18 18:00:00+00:00,6.5084996
2023-12-18 19:00:00+00:00,6.1085
2023-12-18 20:00:00+00:00,5.9585
2023-12-18 21:00:00+00:00,5.8085
2023-12-18 22:00:00+00:00,6.0585
2023-12-18 23:00:00+00:00,5.6085
2023-12-19 00:00:00+00:00,5.7584996
2023-12-19 01:00:00+00:00,6.8085
2023-12-19 02:00:00+00:00,7.0585
2023-12-19 03:00:00+00:00,7.3585
2023-12-19 04:00:00+00:00,7.3585
2023-12-19 05:00:00+00:00,7.3585
2023-12-19 06:00:00+00:00,7.3085
2023-12-19 07:00:00+00:00,7.2584996
2023-12-19 08:00:00+00:00,7.1584997
2023-12-19 09:00:00+00:00,7.1085
2023-12-19 10:00:00+00:00,7.0585
2023-12-19 11:00:00+00:00,6.8585
2023-12-19 12:00:00+00:00,6.9084997
2023-12-19 13:00:00+00:00,6.7584996
2023-12-19 14:00:00+00:00,6.9084997
2023-12-19 15:00:00+00:00,7.1085
2023-12-19 16:00:00+00:00,7.1085
2023-12-19 17:00:00+00:00,7.0585
2023-12-19 18:00:00+00:00,6.9585
2023-12-19 19:00:00+00:00,6.8085
2023-12-19 20:00:00+00:00,6.7584996
2023-12-19 21:00:00+00:00,6.6584997
2023-12-19 22:00:00+00:00,6.6584997
2023-12-19 23:00:00+00:00,6.5585
2023-12-20 00:00:00+00:00,6.5084996
2023-12-20 01:00:00+00:00,6.4585
2023-12-20 02:00:00+00:00,6.5084996
2023-12-20 03:00:00+00:00,6.4585
2023-12-20 04:00:00+00:00,6.2085
2023-12-20 05:00:00+00:00,5.5585
2023-12-20 06:00:00+00:00,4.4585
2023-12-20 07:00:00+00:00,4.1584997
2023-12-20 08:00:00+00:00,4.6584997
2023-12-20 09:00:00+00:00,5.3085
2023-12-20 10:00:00+00:00,5.6584997
2023-12-20 11:00:00+00:00,5.9585
2023-12-20 12:00:00+00:00,6.0585
2023-12-20 13:00:00+00:00,6.2584996
2023-12-20 14:00:00+00:00,5.5585
2023-12-20 15:00:00+00:00,5.0585
2023-12-20 16:00:00+00:00,4.3585
2023-12-20 17:00:00+00:00,4.1085
2023-12-20 18:00:00+00:00,4.1584997
2023-12-20 19:00:00+00:00,4.0585
2023-12-20 20:00:00+00:00,4.2584996
2023-12-20 21:00:00+00:00,4.8085
2023-12-20 22:00:00+00:00,5.0084996
2023-12-20 23:00:00+00:00,5.0084996
2023-12-21 00:00:00+00:00,5.4585
2023-12-21 01:00:00+00:00,4.8585
2023-12-21 02:00:00+00:00,6.3585
2023-12-21 03:00:00+00:00,7.0585
2023-12-21 04:00:00+00:00,7.2584996
2023-12-21 05:00:00+00:00,7.3085
2023-12-21 06:00:00+00:00,7.5585
2023-12-21 07:00:00+00:00,7.6085
2023-12-21 08:00:00+00:00,7.7584996
2023-12-21 09:00:00+00:00,7.7085
2023-12-21 10:00:00+00:00,7.8585
2023-12-21 11:00:00+00:00,7.8585
2023-12-21 12:00:00+00:00,8.1085005
2023-12-21 13:00:00+00:00,8.7585
2023-12-21 14:00:00+00:00,8.7585
2023-12-21 15:00:00+00:00,8.4585
2023-12-21 16:00:00+00:00,7.4084997
2023-12-21 17:00:00+00:00,6.6085
2023-12-21 18:00:00+00:00,5.8585
2023-12-21 19:00:00+00:00,5.3085
2023-12-21 20:00:00+00:00,4.7584996
2023-12-21 21:00:00+00:00,4.4084997
2023-12-21 22:00:00+00:00,4.0585
2023-12-21 23:00:00+00:00,3.8085
2023-12-22 00:00:00+00:00,3.5585
2023-12-22 01:00:00+00:00,3.8085
2023-12-22 02:00:00+00:00,3.5585
2023-12-22 03:00:00+00:00,3.1085
2023-12-22 04:00:00+00:00,2.6585
2023-12-22 05:00:00+00:00,2.4585001
2023-12-22 06:00:00+00:00,2.3585
2023-12-22 07:00:00+00:00,2.3585
2023-12-22 08:00:00+00:00,2.1085
2023-12-22 09:00:00+00:00,2.9585001
2023-12-22 10:00:00+00:00,3.8085
2023-12-22 11:00:00+00:00,4.2584996
2023-12-22 12:00:00+00:00,4.3085
2023-12-22 13:00:00+00:00,4.4084997
2023-12-22 14:00:00+00:00,3.7085001
2023-12-22 15:00:00+00:00,3.0085
2023-12-22 16:00:00+00:00,2.8585
2023-12-22 17:00:00+00:00,2.5585
2023-12-22 18:00:00+00:00,2.0585
2023-12-22 19:00:00+00:00,2.1085
2023-12-22 20:00:00+00:00,2.2085001
2023-12-22 21:00:00+00:00,1.9085001
2023-12-22 22:00:00+00:00,1.1085
2023-12-22 23:00:00+00:00,1.4085001
2023-12-23 00:00:00+00:00,1.2585001
2023-12-23 01:00:00+00:00,1.7585001
2023-12-23 02:00:00+00:00,1.1585001
2023-12-23 03:00:00+00:00,0.8585
2023-12-23 04:00:00+00:00,0.5085
2023-12-23 05:00:00+00:00,0.95849997
2023-12-23 06:00:00+00:00,1.3585
2023-12-23 07:00:00+00:00,1.3585
2023-12-23 08:00:00+00:00,1.2585001
2023-12-23 09:00:00+00:00,1.4585
2023-12-23 10:00:00+00:00,1.7585001
2023-12-23 11:00:00+00:00,1.9085001
2023-12-23 12:00:00+00:00,1.9585
2023-12-23 13:00:00+00:00,2.1585
2023-12-23 14:00:00+00:00,2.5585
2023-12-23 15:00:00+00:00,2.6085
2023-12-23 16:00:00+00:00,2.6085
2023-12-23 17:00:00+00:00,2.5585
2023-12-23 18:00:00+00:00,2.7085001
2023-12-23 19:00:00+00:00,2.7585
2023-12-23 20:00:00+00:00,2.9085
2023-12-23 21:00:00+00:00,3.0585
2023-12-23 22:00:00+00:00,2.8585
2023-12-23 23:00:00+00:00,2.6085
2023-12-24 00:00:00+00:00,2.4085
2023-12-24 01:00:00+00:00,1.0585
2023-12-24 02:00:00+00:00,1.0085
2023-12-24 03:00:00+00:00,1.0585
2023-12-24 04:00:00+00:00,1.3085
2023-12-24 05:00:00+00:00,2.0085
2023-12-24 06:00:00+00:00,4.8585
2023-12-24 07:00:00+00:00,7.1584997
2023-12-24 08:00:00+00:00,7.4084997
2023-12-24 09:00:00+00:00,7.5585
2023-12-24 10:00:00+00:00,7.9084997
2023-12-24 11:00:00+00:00,8.2585
2023-12-24 12:00:00+00:00,8.4585
2023-12-24 13:00:00+00:00,9.6085005
2023-12-24 14:00:00+00:00,10.1085005
2023-12-24 15:00:00+00:00,10.2085
2023-12-24 16:00:00+00:00,10.3085
2023-12-24 17:00:00+00:00,10.2085
2023-12-24 18:00:00+00:00,10.2085
2023-12-24 19:00:00+00:00,10.3085
2023-12-24 20:00:00+00:00,10.658501
2023-12-24 21:00:00+00:00,10.7085
2023-12-24 22:00:00+00:00,10.7085
2023-12-24 23:00:00+00:00,10.5085
2023-12-25 00:00:00+00:00,10.4585
2023-12-25 01:00:00+00:00,9.8585005
2023-12-25 02:00:00+00:00,9.8585005
2023-12-25 03:00:00+00:00,9.908501
2023-12-25 04:00:00+00:00,9.8585005
2023-12-25 05:00:00+00:00,9.8085
2023-12-25 06:00:00+00:00,9.2585
2023-12-25 07:00:00+00:00,9.158501
2023-12-25 08:00:00+00:00,8.908501
2023-12-25 09:00:00+00:00,9.1085005
2023-12-25 10:00:00+00:00,9.2585
2023-12-25 11:00:00+00:00,9.7585
2023-12-25 12:00:00+00:00,10.0085
2023-12-25 13:00:00+00:00,10.3085
2023-12-25 14:00:00+00:00,9.8085
2023-12-25 15:00:00+00:00,9.2585
2023-12-25 16:00:00+00:00,9.0085
2023-12-25 17:00:00+00:00,8.5085
2023-12-25 18:00:00+00:00,8.1085005
2023-12-25 19:00:00+00:00,8.158501
2023-12-25 20:00:00+00:00,8.0085
2023-12-25 21:00:00+00:00,8.408501
2023-12-25 22:00:00+00:00,8.4585
2023-12-25 23:00:00+00:00,8.4585
2023-12-26 00:00:00+00:00,8.4585
2023-12-26 01:00:00+00:00,8.6085005
2023-12-26 02:00:00+00:00,8.7585
2023-12-26 03:00:00+00:00,9.5085
2023-12-26 04:00:00+00:00,9.7085
2023-12-26 05:00:00+00:00,9.658501
2023-12-26 06:00:00+00:00,9.4585
2023-12-26 07:00:00+00:00,9.408501
2023-12-26 08:00:00+00:00,9.3085
2023-12-26 09:00:00+00:00,9.158501
2023-12-26 10:00:00+00:00,9.3085
2023-12-26 11:00:00+00:00,9.3085
2023-12-26 12:00:00+00:00,9.0085
2023-12-26 13:00:00+00:00,9.2085
2023-12-26 14:00:00+00:00,8.5085
2023-12-26 15:00:00+00:00,7.8085
2023-12-26 16:00:00+00:00,7.1584997
2023-12-26 17:00:00+00:00,7.0084996
2023-12-26 18:00:00+00:00,7.2584996
2023-12-26 19:00:00+00:00,6.5585
2023-12-26 20:00:00+00:00,5.9084997
2023-12-26 21:00:00+00:00,5.1584997
2023-12-26 22:00:00+00:00,4.5084996
2023-12-26 23:00:00+00:00,4.0585
2023-12-27 00:00:00+00:00,3.7085001
2023-12-27 01:00:00+00:00,3.3585
2023-12-27 02:00:00+00:00,3.3085
2023-12-27 03:00:00+00:00,3.1585
2023-12-27 04:00:00+00:00,2.9085
2023-12-27 05:00:00+00:00,2.6085
2023-12-27 06:00:00+00:00,2.2585
2023-12-27 07:00:00+00:00,1.8585
2023-12-27 08:00:00+00:00,1.6585001
2023-12-27 09:00:00+00:00,2.7085001
2023-12-27 10:00:00+00:00,3.7585
2023-12-27 11:00:00+00:00,4.5084996
2023-12-27 12:00:00+00:00,5.0585
2023-12-27 13:00:00+00:00,5.0585
2023-12-27 14:00:00+00:00,4.4084997
2023-12-27 15:00:00+00:00,3.8085
2023-12-27 16:00:00+00:00,4.1584997
2023-12-27 17:00:00+00:00,4.0585
2023-12-27 18:00:00+00:00,4.0085
2023-12-27 19:00:00+00:00,4.3085
2023-12-27 20:00:00+00:00,4.9585
2023-12-27 21:00:00+00:00,5.0084996
2023-12-27 22:00:00+00:00,4.6584997
2023-12-27 23:00:00+00:00,4.7584996
2023-12-28 00:00:00+00:00,5.2085
2023-12-28 01:00:00+00:00,6.0585
2023-12-28 02:00:00+00:00,6.9084997
2023-12-28 03:00:00+00:00,8.0085
2023-12-28 04:00:00+00:00,8.5085
2023-12-28 05:00:00+00:00,8.2085
2023-12-28 06:00:00+00:00,8.3585005
2023-12-28 07:00:00+00:00,7.8085
2023-12-28 08:00:00+00:00,7.5585
2023-12-28 09:00:00+00:00,8.1085005
2023-12-28 10:00:00+00:00,8.908501
2023-12-28 11:00:00+00:00,9.7085
2023-12-28 12:00:00+00:00,10.158501
2023-12-28 13:00:00+00:00,9.8585005
2023-12-28 14:00:00+00:00,9.3585005
2023-12-28 15:00:00+00:00,8.8085
2023-12-28 16:00:00+00:00,8.408501
2023-12-28 17:00:00+00:00,8.0085
2023-12-28 18:00:00+00:00,8.0085
2023-12-28 19:00:00+00:00,7.7584996
2023-12-28 20:00:00+00:00,7.7085
2023-12-28 21:00:00+00:00,7.6584997
2023-12-28 22:00:00+00:00,7.4084997
2023-12-28 23:00:00+00:00,7.4585
2023-12-29 00:00:00+00:00,7.4585
2023-12-29 01:00:00+00:00,8.158501
2023-12-29 02:00:00+00:00,8.1085005
2023-12-29 03:00:00+00:00,8.3085
2023-12-29 04:00:00+00:00,8.1085005
2023-12-29 05:00:00+00:00,8.5085
2023-12-29 06:00:00+00:00,8.5585
2023-12-29 07:00:00+00:00,8.908501
2023-12-29 08:00:00+00:00,9.3085
2023-12-29 09:00:00+00:00,9.8085
2023-12-29 10:00:00+00:00,10.3585005
2023-12-29 11:00:00+00:00,10.5585
2023-12-29 12:00:00+00:00,10.7085
2023-12-29 13:00:00+00:00,10.158501
2023-12-29 14:00:00+00:00,9.3585005
2023-12-29 15:00:00+00:00,9.1085005
2023-12-29 16:00:00+00:00,9.0085
2023-12-29 17:00:00+00:00,8.9585
2023-12-29 18:00:00+00:00,8.7085
2023-12-29 19:00:00+00:00,8.5585
2023-12-29 20:00:00+00:00,7.9084997
2023-12-29 21:00:00+00:00,7.6584997
2023-12-29 22:00:00+00:00,8.3585005
2023-12-29 23:00:00+00:00,8.4585
2023-12-30 00:00:00+00:00,8.3085
2023-12-30 01:00:00+00:00,6.9585
2023-12-30 02:00:00+00:00,6.5084996
2023-12-30 03:00:00+00:00,6.6584997
2023-12-30 04:00:00+00:00,6.4084997
2023-12-30 05:00:00+00:00,5.9084997
2023-12-30 06:00:00+00:00,5.3585
2023-12-30 07:00:00+00:00,5.0585
2023-12-30 08:00:00+00:00,5.0585
2023-12-30 09:00:00+00:00,5.6085
2023-12-30 10:00:00+00:00,6.3085
2023-12-30 11:00:00+00:00,6.9585
2023-12-30 12:00:00+00:00,7.2584996
2023-12-30 13:00:00+00:00,7.4084997
2023-12-30 14:00:00+00:00,7.1584997
2023-12-30 15:00:00+00:00,6.4585
2023-12-30 16:00:00+00:00,5.4585
2023-12-30 17:00:00+00:00,5.3585
2023-12-30 18:00:00+00:00,4.4585
2023-12-30 19:00:00+00:00,4.2584996
2023-12-30 20:00:00+00:00,4.2085
2023-12-30 21:00:00+00:00,4.5585
2023-12-30 22:00:00+00:00,5.6584997
2023-12-30 23:00:00+00:00,5.9585
2023-12-31 00:00:00+00:00,5.2085
2023-12-31 01:00:00+00:00,5.2085
2023-12-31 02:00:00+00:00,4.3585
2023-12-31 03:00:00+00:00,3.7585
2023-12-31 04:00:00+00:00,3.4085
2023-12-31 05:00:00+00:00,3.1085
2023-12-31 06:00:00+00:00,2.9585001
2023-12-31 07:00:00+00:00,3.4585001
2023-12-31 08:00:00+00:00,4.5084996
2023-12-31 09:00:00+00:00,5.3585
2023-12-31 10:00:00+00:00,6.1584997
2023-12-31 11:00:00+00:00,6.8085
2023-12-31 12:00:00+00:00,7.1085
2023-12-31 13:00:00+00:00,7.5084996
2023-12-31 14:00:00+00:00,7.4084997
2023-12-31 15:00:00+00:00,7.0084996
2023-12-31 16:00:00+00:00,6.5084996
2023-12-31 17:00:00+00:00,6.3585
2023-12-31 18:00:00+00:00,6.2584996
2023-12-31 19:00:00+00:00,6.3085
2023-12-31 20:00:00+00:00,6.6584997
2023-12-31 21:00:00+00:00,6.0585
2023-12-31 22:00:00+00:00,5.2085
2023-12-31 23:00:00+00:00,5.1584997
2024-01-01 00:00:00+00:00,5.0084996
2024-01-01 01:00:00+00:00,5.4084997
2024-01-01 02:00:00+00:00,5.0585
2024-01-01 03:00:00+00:00,4.6584997
2024-01-01 04:00:00+00:00,4.4084997
2024-01-01 05:00:00+00:00,3.9085
2024-01-01 06:00:00+00:00,3.7585
2024-01-01 07:00:00+00:00,3.4585001
2024-01-01 08:00:00+00:00,3.9085
2024-01-01 09:00:00+00:00,4.9084997
2024-01-01 10:00:00+00:00,6.3585
2024-01-01 11:00:00+00:00,7.2085
2024-01-01 12:00:00+00:00,6.3085
2024-01-01 13:00:00+00:00,7.4084997
2024-01-01 14:00:00+00:00,7.4084997
2024-01-01 15:00:00+00:00,6.8085
2024-01-01 16:00:00+00:00,6.4084997
2024-01-01 17:00:00+00:00,5.7085
2024-01-01 18:00:00+00:00,5.1584997
2024-01-01 19:00:00+00:00,4.8585
2024-01-01 20:00:00+00:00,4.7085
2024-01-01 21:00:00+00:00,4.3585
2024-01-01 22:00:00+00:00,3.6585
2024-01-01 23:00:00+00:00,4.1584997
2024-01-02 00:00:00+00:00,4.8085
2024-01-02 01:00:00+00:00,4.3585
2024-01-02 02:00:00+00:00,3.8085
2024-01-02 03:00:00+00:00,2.9585001
2024-01-02 04:00:00+00:00,2.6085
2024-01-02 05:00:00+00:00,2.5585
2024-01-02 06:00:00+00:00,2.5085
2024-01-02 07:00:00+00:00,2.7085001
2024-01-02 08:00:00+00:00,3.2085001
2024-01-02 09:00:00+00:00,4.0585
2024-01-02 10:00:00+00:00,4.7085
2024-01-02 11:00:00+00:00,4.8585
2024-01-02 12:00:00+00:00,4.8085
2024-01-02 13:00:00+00:00,4.9585
2024-01-02 14:00:00+00:00,4.8585
2024-01-02 15:00:00+00:00,4.8585
2024-01-02 16:00:00+00:00,4.9585
2024-01-02 17:00:00+00:00,5.1085
2024-01-02 18:00:00+00:00,5.5084996
2024-01-02 19:00:00+00:00,6.3585
2024-01-02 20:00:00+00:00,7.0084996
2024-01-02 21:00:00+00:00,7.0084996
2024-01-02 22:00:00+00:00,7.3085
2024-01-02 23:00:00+00:00,7.9585
2024-01-03 00:00:00+00:00,8.1085005
2024-01-03 01:00:00+00:00,8.2585
2024-01-03 02:00:00+00:00,8.5585
2024-01-03 03:00:00+00:00,8.408501
2024-01-03 04:00:00+00:00,8.9585
2024-01-03 05:00:00+00:00,8.7585
2024-01-03 06:00:00+00:00,8.6085005
2024-01-03 07:00:00+00:00,8.5585
2024-01-03 08:00:00+00:00,8.7585
2024-01-03 09:00:00+00:00,9.2085
2024-01-03 10:00:00+00:00,9.658501
2024-01-03 11:00:00+00:00,10.0085
2024-01-03 12:00:00+00:00,10.0085
2024-01-03 13:00:00+00:00,10.6085005
2024-01-03 14:00:00+00:00,10.1085005
2024-01-03 15:00:00+00:00,9.2585
2024-01-03 16:00:00+00:00,8.8585005
2024-01-03 17:00:00+00:00,8.408501
2024-01-03 18:00:00+00:00,8.4585
2024-01-03 19:00:00+00:00,8.408501
2024-01-03 20:00:00+00:00,8.4585
2024-01-03 21:00:00+00:00,7.4585
2024-01-03 22:00:00+00:00,7.3085
2024-01-03 23:00:00+00:00,7.0084996
2024-01-04 00:00:00+00:00,7.0585
2024-01-04 01:00:00+00:00,7.3085
2024-01-04 02:00:00+00:00,7.0585
2024-01-04 03:00:00+00:00,7.1085
2024-01-04 04:00:00+00:00,7.2085
2024-01-04 05:00:00+00:00,7.1085
2024-01-04 06:00:00+00:00,7.0084996
2024-01-04 07:00:00+00:00,6.4084997
2024-01-04 08:00:00+00:00,5.5084996
2024-01-04 09:00:00+00:00,4.7584996
2024-01-04 10:00:00+00:00,4.1584997
2024-01-04 11:00:00+00:00,3.6585
2024-01-04 12:00:00+00:00,3.3085
2024-01-04 13:00:00+00:00,2.5085
2024-01-04 14:00:00+00:00,2.5085
2024-01-04 15:00:00+00:00,2.1585
2024-01-04 16:00:00+00:00,1.6085
2024-01-04 17:00:00+00:00,1.1085
2024-01-04 18:00:00+00:00,0.5085
2024-01-04 19:00:00+00:00,-0.2915
2024-01-04 20:00:00+00:00,-2.1915
2024-01-04 21:00:00+00:00,-0.99149996
2024-01-04 22:00:00+00:00,-0.19150001
2024-01-04 23:00:00+00:00,-0.6415
2024-01-05 00:00:00+00:00,-0.3915
2024-01-05 01:00:00+00:00,0.2585
2024-01-05 02:00:00+00:00,0.2585
2024-01-05 03:00:00+00:00,0.3585
2024-01-05 04:00:00+00:00,0.3585
2024-01-05 05:00:00+00:00,0.4085
2024-01-05 06:00:00+00:00,0.4585
2024-01-05 07:00:00+00:00,0.5085
2024-01-05 08:00:00+00:00,0.5085
2024-01-05 09:00:00+00:00,0.5585
2024-01-05 10:00:00+00:00,0.6585
2024-01-05 11:00:00+00:00,0.4085
2024-01-05 12:00:00+00:00,0.2085
2024-01-05 13:00:00+00:00,0.4585
2024-01-05 14:00:00+00:00,0.5085
2024-01-05 15:00:00+00:00,0.3585
2024-01-05 16:00:00+00:00,0.3585
2024-01-05 17:00:00+00:00,0.5585
2024-01-05 18:00:00+00:00,0.8085
2024-01-05 19:00:00+00:00,0.8585
2024-01-05 20:00:00+00:00,0.9085
2024-01-05 21:00:00+00:00,0.5585
2024-01-05 22:00:00+00:00,0.8085
2024-01-05 23:00:00+00:00,0.95849997
2024-01-06 00:00:00+00:00,1.0085
2024-01-06 01:00:00+00:00,0.0585
2024-01-06 02:00:00+00:00,-0.3415
2024-01-06 03:00:00+00:00,-0.49150002
2024-01-06 04:00:00+00:00,-0.2915
2024-01-06 05:00:00+00:00,0.008499999
2024-01-06 06:00:00+00:00,0.3085
2024-01-06 07:00:00+00:00,0.3085
2024-01-06 08:00:00+00:00,0.2585
2024-01-06 09:00:00+00:00,0.2085
2024-01-06 10:00:00+00:00,0.108500004
2024-01-06 11:00:00+00:00,0.008499999
2024-01-06 12:00:00+00:00,-0.041500002
2024-01-06 13:00:00+00:00,-0.5915
2024-01-06 14:00:00+00:00,-0.8415
2024-01-06 15:00:00+00:00,-1.1415
2024-01-06 16:00:00+00:00,-1.2414999
2024-01-06 17:00:00+00:00,-1.2414999
2024-01-06 18:00:00+00:00,-1.2414999
2024-01-06 19:00:00+00:00,-1.3414999
2024-01-06 20:00:00+00:00,-1.4914999
2024-01-06 21:00:00+00:00,-1.6915
2024-01-06 22:00:00+00:00,-1.7915
2024-01-06 23:00:00+00:00,-1.7915
2024-01-07 00:00:00+00:00,-1.9914999
2024-01-07 01:00:00+00:00,-2.2914999
2024-01-07 02:00:00+00:00,-2.6415
2024-01-07 03:00:00+00:00,-2.9415
2024-01-07 04:00:00+00:00,-3.4415
2024-01-07 05:00:00+00:00,-4.1415
2024-01-07 06:00:00+00:00,-4.3415003
2024-01-07 07:00:00+00:00,-4.3415003
2024-01-07 08:00:00+00:00,-3.8415
2024-01-07 09:00:00+00:00,-2.1415
2024-01-07 10:00:00+00:00,-1.3414999
2024-01-07 11:00:00+00:00,-1.0415
2024-01-07 12:00:00+00:00,-0.8915
2024-01-07 13:00:00+00:00,-0.3415
2024-01-07 14:00:00+00:00,-0.54150003
2024-01-07 15:00:00+00:00,-0.8915
2024-01-07 16:00:00+00:00,-1.0415
2024-01-07 17:00:00+00:00,-2.4915
2024-01-07 18:00:00+00:00,-3.8915
2024-01-07 19:00:00+00:00,-4.4915004
2024-01-07 20:00:00+00:00,-5.4415
2024-01-07 21:00:00+00:00,-6.7915
2024-01-07 22:00:00+00:00,-7.5415
2024-01-07 23:00:00+00:00,-7.6915
2024-01-08 00:00:00+00:00,-7.7415004
2024-01-08 01:00:00+00:00,-7.5915003
2024-01-08 02:00:00+00:00,-7.0915003
2024-01-08 03:00:00+00:00,-7.4415
2024-01-08 04:00:00+00:00,-8.841499
2024-01-08 05:00:00+00:00,-9.1414995
2024-01-08 06:00:00+00:00,-9.0415
2024-01-08 07:00:00+00:00,-8.841499
2024-01-08 08:00:00+00:00,-8.2915
2024-01-08 09:00:00+00:00,-7.2415004
2024-01-08 10:00:00+00:00,-6.1915
2024-01-08 11:00:00+00:00,-5.2915
2024-01-08 12:00:00+00:00,-4.5415
2024-01-08 13:00:00+00:00,-3.8415
2024-01-08 14:00:00+00:00,-4.0915003
2024-01-08 15:00:00+00:00,-5.1915
2024-01-08 16:00:00+00:00,-5.9415
2024-01-08 17:00:00+00:00,-6.3915
2024-01-08 18:00:00+00:00,-6.5915003
2024-01-08 19:00:00+00:00,-6.7415004
2024-01-08 20:00:00+00:00,-6.9915004
2024-01-08 21:00:00+00:00,-7.2415004
2024-01-08 22:00:00+00:00,-7.5915003
2024-01-08 23:00:00+00:00,-7.9415
2024-01-09 00:00:00+00:00,-8.2415
2024-01-09 01:00:00+00:00,-8.8914995
2024-01-09 02:00:00+00:00,-9.2915
2024-01-09 03:00:00+00:00,-9.6414995
2024-01-09 04:00:00+00:00,-9.8914995
2024-01-09 05:00:00+00:00,-10.1414995
2024-01-09 06:00:00+00:00,-10.2915
2024-01-09 07:00:00+00:00,-10.4915
2024-01-09 08:00:00+00:00,-9.8914995
2024-01-09 09:00:00+00:00,-8.6414995
2024-01-09 10:00:00+00:00,-6.9415
2024-01-09 11:00:00+00:00,-5.2915
2024-01-09 12:00:00+00:00,-4.0915003
2024-01-09 13:00:00+00:00,-3.9915001
2024-01-09 14:00:00+00:00,-3.9915001
2024-01-09 15:00:00+00:00,-6.3415003
2024-01-09 16:00:00+00:00,-6.7415004
2024-01-09 17:00:00+00:00,-7.1915
2024-01-09 18:00:00+00:00,-7.5915003
2024-01-09 19:00:00+00:00,-7.8915
2024-01-09 20:00:00+00:00,-7.9915004
2024-01-09 21:00:00+00:00,-7.9915004
2024-01-09 22:00:00+00:00,-8.0415
2024-01-09 23:00:00+00:00,-8.091499
2024-01-10 00:00:00+00:00,-8.1915
2024-01-10 01:00:00+00:00,-8.841499
2024-01-10 02:00:00+00:00,-8.841499
2024-01-10 03:00:00+00:00,-8.7415
2024-01-10 04:00:00+00:00,-8.6414995
2024-01-10 05:00:00+00:00,-8.591499
2024-01-10 06:00:00+00:00,-8.4915
2024-01-10 07:00:00+00:00,-8.3914995
2024-01-10 08:00:00+00:00,-7.8915
2024-01-10 09:00:00+00:00,-6.4415
2024-01-10 10:00:00+00:00,-4.6415
2024-01-10 11:00:00+00:00,-2.9415
2024-01-10 12:00:00+00:00,-1.7915
2024-01-10 13:00:00+00:00,-1.8414999
2024-01-10 14:00:00+00:00,-2.1415
2024-01-10 15:00:00+00:00,-5.0915003
2024-01-10 16:00:00+00:00,-5.5915003
2024-01-10 17:00:00+00:00,-6.2915
2024-01-10 18:00:00+00:00,-7.0415
2024-01-10 19:00:00+00:00,-7.2415004
2024-01-10 20:00:00+00:00,-7.2915
2024-01-10 21:00:00+00:00,-7.8915
2024-01-10 22:00:00+00:00,-7.8415003
2024-01-10 23:00:00+00:00,-7.1915
2024-01-11 00:00:00+00:00,-6.9415
2024-01-11 01:00:00+00:00,-6.1415
2024-01-11 02:00:00+00:00,-5.7415004
2024-01-11 03:00:00+00:00,-5.2415004
2024-01-11 04:00:00+00:00,-4.5415
2024-01-11 05:00:00+00:00,-4.1915
2024-01-11 06:00:00+00:00,-3.8915
2024-01-11 07:00:00+00:00,-3.7914999
2024-01-11 08:00:00+00:00,-3.5414999
2024-01-11 09:00:00+00:00,-2.5414999
2024-01-11 10:00:00+00:00,-1.6915
2024-01-11 11:00:00+00:00,-1.0415
2024-01-11 12:00:00+00:00,-0.6915
2024-01-11 13:00:00+00:00,-1.3414999
2024-01-11 14:00:00+00:00,-1.5914999
2024-01-11 15:00:00+00:00,-1.3915
2024-01-11 16:00:00+00:00,-1.0914999
2024-01-11 17:00:00+00:00,-0.6415
2024-01-11 18:00:00+00:00,-0.2915
2024-01-11 19:00:00+00:00,-0.19150001
2024-01-11 20:00:00+00:00,-0.19150001
2024-01-11 21:00:00+00:00,-0.24150002
2024-01-11 22:00:00+00:00,-0.3415
2024-01-11 23:00:00+00:00,-0.4415
2024-01-12 00:00:00+00:00,-1.5914999
2024-01-12 01:00:00+00:00,-0.54150003
2024-01-12 02:00:00+00:00,-0.7415
2024-01-12 03:00:00+00:00,-1.0415
2024-01-12 04:00:00+00:00,-0.6915
2024-01-12 05:00:00+00:00,-0.6915
2024-01-12 06:00:00+00:00,-0.99149996
2024-01-12 07:00:00+00:00,-0.8415
2024-01-12 08:00:00+00:00,-0.6415
2024-01-12 09:00:00+00:00,-0.6415
2024-01-12 10:00:00+00:00,-0.3915
2024-01-12 11:00:00+00:00,-0.2915
2024-01-12 12:00:00+00:00,-0.09150001
2024-01-12 13:00:00+00:00,-1.0415
2024-01-12 14:00:00+00:00,-0.79150003
2024-01-12 15:00:00+00:00,-0.79150003
2024-01-12 16:00:00+00:00,-0.9415
2024-01-12 17:00:00+00:00,-0.8415
2024-01-12 18:00:00+00:00,-0.49150002
2024-01-12 19:00:00+00:00,-0.2915
2024-01-12 20:00:00+00:00,0.108500004
2024-01-12 21:00:00+00:00,0.4585
2024-01-12 22:00:00+00:00,0.6085
2024-01-12 23:00:00+00:00,0.6085
2024-01-13 00:00:00+00:00,0.5585
2024-01-13 01:00:00+00:00,0.8585
2024-01-13 02:00:00+00:00,1.2085
2024-01-13 03:00:00+00:00,1.2585001
2024-01-13 04:00:00+00:00,1.4085001
2024-01-13 05:00:00+00:00,1.3585
2024-01-13 06:00:00+00:00,1.4085001
2024-01-13 07:00:00+00:00,1.3585
2024-01-13 08:00:00+00:00,1.5085001
2024-01-13 09:00:00+00:00,1.9085001
2024-01-13 10:00:00+00:00,1.9585
2024-01-13 11:00:00+00:00,1.8085
2024-01-13 12:00:00+00:00,1.7085
2024-01-13 13:00:00+00:00,1.6585001
2024-01-13 14:00:00+00:00,1.6085
2024-01-13 15:00:00+00:00,1.6085
2024-01-13 16:00:00+00:00,1.7585001
2024-01-13 17:00:00+00:00,1.9085001
2024-01-13 18:00:00+00:00,2.1085
2024-01-13 19:00:00+00:00,2.1585
2024-01-13 20:00:00+00:00,2.2085001
2024-01-13 21:00:00+00:00,2.2085001
2024-01-13 22:00:00+00:00,2.0585
2024-01-13 23:00:00+00:00,1.9585
2024-01-14 00:00:00+00:00,1.6085
2024-01-14 01:00:00+00:00,1.6085
2024-01-14 02:00:00+00:00,1.3085
2024-01-14 03:00:00+00:00,1.4585
2024-01-14 04:00:00+00:00,1.4585
2024-01-14 05:00:00+00:00,1.7085
2024-01-14 06:00:00+00:00,1.8085
2024-01-14 07:00:00+00:00,1.4585
2024-01-14 08:00:00+00:00,1.6585001
2024-01-14 09:00:00+00:00,2.0085
2024-01-14 10:00:00+00:00,2.3585
2024-01-14 11:00:00+00:00,2.5585
2024-01-14 12:00:00+00:00,2.9085
2024-01-14 13:00:00+00:00,2.4085
2024-01-14 14:00:00+00:00,2.2585
2024-01-14 15:00:00+00:00,1.9085001
2024-01-14 16:00:00+00:00,1.6585001
2024-01-14 17:00:00+00:00,1.4085001
2024-01-14 18:00:00+00:00,1.6585001
2024-01-14 19:00:00+00:00,1.3585
2024-01-14 20:00:00+00:00,1.1585001
2024-01-14 21:00:00+00:00,0.95849997
2024-01-14 22:00:00+00:00,1.0085
2024-01-14 23:00:00+00:00,1.0085
2024-01-15 00:00:00+00:00,0.9085
2024-01-15 01:00:00+00:00,0.9085
2024-01-15 02:00:00+00:00,0.95849997
2024-01-15 03:00:00+00:00,0.8585
2024-01-15 04:00:00+00:00,0.95849997
2024-01-15 05:00:00+00:00,1.3085
2024-01-15 06:00:00+00:00,1.3085
2024-01-15 07:00:00+00:00,1.3585
2024-01-15 08:00:00+00:00,1.0085
2024-01-15 09:00:00+00:00,1.5585
2024-01-15 10:00:00+00:00,1.9585
2024-01-15 11:00:00+00:00,2.1085
2024-01-15 12:00:00+00:00,2.2585
2024-01-15 13:00:00+00:00,2.0085
2024-01-15 14:00:00+00:00,1.8585
2024-01-15 15:00:00+00:00,1.0585
2024-01-15 16:00:00+00:00,1.0585
2024-01-15 17:00:00+00:00,0.7585
2024-01-15 18:00:00+00:00,0.2585
2024-01-15 19:00:00+00:00,-0.3415
2024-01-15 20:00:00+00:00,-1.2414999
2024-01-15 21:00:00+00:00,-2.1415
2024-01-15 22:00:00+00:00,-4.1915
2024-01-15 23:00:00+00:00,-2.7415
2024-01-16 00:00:00+00:00,-1.7414999
2024-01-16 01:00:00+00:00,-1.4415
2024-01-16 02:00:00+00:00,-1.3915
2024-01-16 03:00:00+00:00,-1.4914999
2024-01-16 04:00:00+00:00,-1.5415
2024-01-16 05:00:00+00:00,-1.6415
2024-01-16 06:00:00+00:00,-1.4914999
2024-01-16 07:00:00+00:00,-1.4415
2024-01-16 08:00:00+00:00,-1.5914999
2024-01-16 09:00:00+00:00,-1.4415
2024-01-16 10:00:00+00:00,-0.54150003
2024-01-16 11:00:00+00:00,0.0585
2024-01-16 12:00:00+00:00,0.6085
2024-01-16 13:00:00+00:00,1.1085
2024-01-16 14:00:00+00:00,1.0085
2024-01-16 15:00:00+00:00,0.5085
2024-01-16 16:00:00+00:00,-0.19150001
2024-01-16 17:00:00+00:00,-0.5915
2024-01-16 18:00:00+00:00,-1.1415
2024-01-16 19:00:00+00:00,-1.7414999
2024-01-16 20:00:00+00:00,-1.9415
2024-01-16 21:00:00+00:00,-1.5415
2024-01-16 22:00:00+00:00,-2.2415
2024-01-16 23:00:00+00:00,-3.5915
2024-01-17 00:00:00+00:00,-3.9915001
2024-01-17 01:00:00+00:00,-3.7415
2024-01-17 02:00:00+00:00,-3.9415
2024-01-17 03:00:00+00:00,-3.9415
2024-01-17 04:00:00+00:00,-3.9415
2024-01-17 05:00:00+00:00,-4.2415004
2024-01-17 06:00:00+00:00,-4.4915004
2024-01-17 07:00:00+00:00,-4.5415
2024-01-17 08:00:00+00:00,-4.0915003
2024-01-17 09:00:00+00:00,-2.9415
2024-01-17 10:00:00+00:00,-1.8915
2024-01-17 11:00:00+00:00,-0.6915
2024-01-17 12:00:00+00:00,-0.19150001
2024-01-17 13:00:00+00:00,-0.1415
2024-01-17 14:00:00+00:00,-0.4415
2024-01-17 15:00:00+00:00,-1.2414999
2024-01-17 16:00:00+00:00,-1.6915
2024-01-17 17:00:00+00:00,-1.7915
2024-01-17 18:00:00+00:00,-1.7414999
2024-01-17 19:00:00+00:00,-1.8915
2024-01-17 20:00:00+00:00,-1.9914999
2024-01-17 21:00:00+00:00,-2.1915
2024-01-17 22:00:00+00:00,-2.1415
2024-01-17 23:00:00+00:00,-2.0414999
2024-01-18 00:00:00+00:00,-2.0414999
2024-01-18 01:00:00+00:00,-2.8415
2024-01-18 02:00:00+00:00,-2.9415
2024-01-18 03:00:00+00:00,-2.7415
2024-01-18 04:00:00+00:00,-3.1415
2024-01-18 05:00:00+00:00,-4.0415
2024-01-18 06:00:00+00:00,-4.4915004
2024-01-18 07:00:00+00:00,-3.8415
2024-01-18 08:00:00+00:00,-3.5414999
2024-01-18 09:00:00+00:00,-2.4915
2024-01-18 10:00:00+00:00,-1.4415
2024-01-18 11:00:00+00:00,-0.6415
2024-01-18 12:00:00+00:00,0.108500004
2024-01-18 13:00:00+00:00,0.5085
2024-01-18 14:00:00+00:00,0.108500004
2024-01-18 15:00:00+00:00,-1.7414999
2024-01-18 16:00:00+00:00,-2.8415
2024-01-18 17:00:00+00:00,-3.1415
2024-01-18 18:00:00+00:00,-3.3415
2024-01-18 19:00:00+00:00,-3.7415
2024-01-18 20:00:00+00:00,-4.2915
2024-01-18 21:00:00+00:00,-4.8415003
2024-01-18 22:00:00+00:00,-5.0915003
2024-01-18 23:00:00+00:00,-5.1415
2024-01-19 00:00:00+00:00,-4.9415
2024-01-19 01:00:00+00:00,-4.1415
2024-01-19 02:00:00+00:00,-3.9415
2024-01-19 03:00:00+00:00,-3.5915
2024-01-19 04:00:00+00:00,-3.1915
2024-01-19 05:00:00+00:00,-2.8915
2024-01-19 06:00:00+00:00,-2.5915
2024-01-19 07:00:00+00:00,-2.4915
2024-01-19 08:00:00+00:00,-1.9914999
2024-01-19 09:00:00+00:00,-0.9415
2024-01-19 10:00:00+00:00,0.5085
2024-01-19 11:00:00+00:00,1.1585001
2024-01-19 12:00:00+00:00,1.6585001
2024-01-19 13:00:00+00:00,1.8585
2024-01-19 14:00:00+00:00,1.5585
2024-01-19 15:00:00+00:00,0.6085
2024-01-19 16:00:00+00:00,0.3085
2024-01-19 17:00:00+00:00,0.6585
2024-01-19 18:00:00+00:00,0.2585
2024-01-19 19:00:00+00:00,-0.8415
2024-01-19 20:00:00+00:00,-1.1415
2024-01-19 21:00:00+00:00,-1.1915
2024-01-19 22:00:00+00:00,-0.79150003
2024-01-19 23:00:00+00:00,-0.6915
2024-01-20 00:00:00+00:00,-1.0415
2024-01-20 01:00:00+00:00,-0.8415
2024-01-20 02:00:00+00:00,-0.09150001
2024-01-20 03:00:00+00:00,0.108500004
2024-01-20 04:00:00+00:00,0.3085
2024-01-20 05:00:00+00:00,0.4585
2024-01-20 06:00:00+00:00,0.3585
2024-01-20 07:00:00+00:00,0.0585
2024-01-20 08:00:00+00:00,0.3585
2024-01-20 09:00:00+00:00,0.8085
2024-01-20 10:00:00+00:00,1.6585001
2024-01-20 11:00:00+00:00,2.2585
2024-01-20 12:00:00+00:00,2.6585
2024-01-20 13:00:00+00:00,3.0585
2024-01-20 14:00:00+00:00,2.9585001
2024-01-20 15:00:00+00:00,2.0585
2024-01-20 16:00:00+00:00,1.3585
2024-01-20 17:00:00+00:00,1.7085
2024-01-20 18:00:00+00:00,1.0585
2024-01-20 19:00:00+00:00,0.1585
2024-01-20 20:00:00+00:00,-0.79150003
2024-01-20 21:00:00+00:00,-1.5914999
2024-01-20 22:00:00+00:00,-2.4415
2024-01-20 23:00:00+00:00,-3.2415
2024-01-21 00:00:00+00:00,-4.0915003
2024-01-21 01:00:00+00:00,-4.6415
2024-01-21 02:00:00+00:00,-4.7915
2024-01-21 03:00:00+00:00,-4.1415
2024-01-21 04:00:00+00:00,-3.7914999
2024-01-21 05:00:00+00:00,-4.0415
2024-01-21 06:00:00+00:00,-4.2915
2024-01-21 07:00:00+00:00,-3.7415
2024-01-21 08:00:00+00:00,-2.6415
2024-01-21 09:00:00+00:00,-1.2915
2024-01-21 10:00:00+00:00,0.3585
2024-01-21 11:00:00+00:00,0.5085
2024-01-21 12:00:00+00:00,1.4085001
2024-01-21 13:00:00+00:00,2.2585
2024-01-21 14:00:00+00:00,3.0585
2024-01-21 15:00:00+00:00,2.6585
2024-01-21 16:00:00+00:00,0.8585
2024-01-21 17:00:00+00:00,1.2085
2024-01-21 18:00:00+00:00,1.7085
2024-01-21 19:00:00+00:00,1.9085001
2024-01-21 20:00:00+00:00,1.6085
2024-01-21 21:00:00+00:00,1.2085
2024-01-21 22:00:00+00:00,1.0585
2024-01-21 23:00:00+00:00,1.0585
2024-01-22 00:00:00+00:00,1.8085
2024-01-22 01:00:00+00:00,2.5585
2024-01-22 02:00:00+00:00,3.2085001
2024-01-22 03:00:00+00:00,4.0085
2024-01-22 04:00:00+00:00,4.6584997
2024-01-22 05:00:00+00:00,5.1584997
2024-01-22 06:00:00+00:00,5.5585
2024-01-22 07:00:00+00:00,5.7584996
2024-01-22 08:00:00+00:00,6.1085
2024-01-22 09:00:00+00:00,5.8585
2024-01-22 10:00:00+00:00,6.4585
2024-01-22 11:00:00+00:00,7.1584997
2024-01-22 12:00:00+00:00,8.408501
2024-01-22 13:00:00+00:00,8.4585
2024-01-22 14:00:00+00:00,8.8585005
2024-01-22 15:00:00+00:00,8.5585
2024-01-22 16:00:00+00:00,8.2585
2024-01-22 17:00:00+00:00,7.2584996
2024-01-22 18:00:00+00:00,6.5585
2024-01-22 19:00:00+00:00,5.7584996
2024-01-22 20:00:00+00:00,5.1584997
2024-01-22 21:00:00+00:00,4.7584996
2024-01-22 22:00:00+00:00,4.3085
2024-01-22 23:00:00+00:00,3.9585001
2024-01-23 00:00:00+00:00,3.9585001
2024-01-23 01:00:00+00:00,4.4585
2024-01-23 02:00:00+00:00,4.2584996
2024-01-23 03:00:00+00:00,3.7085001
2024-01-23 04:00:00+00:00,3.7585
2024-01-23 05:00:00+00:00,3.7585
2024-01-23 06:00:00+00:00,3.4085
2024-01-23 07:00:00+00:00,3.2085001
2024-01-23 08:00:00+00:00,3.5585
2024-01-23 09:00:00+00:00,4.4084997
2024-01-23 10:00:00+00:00,5.5084996
2024-01-23 11:00:00+00:00,6.4585
2024-01-23 12:00:00+00:00,6.8585
2024-01-23 13:00:00+00:00,7.5585
2024-01-23 14:00:00+00:00,7.2584996
2024-01-23 15:00:00+00:00,6.4585
2024-01-23 16:00:00+00:00,5.5084996
2024-01-23 17:00:00+00:00,4.6085
2024-01-23 18:00:00+00:00,3.8085
2024-01-23 19:00:00+00:00,3.3085
2024-01-23 20:00:00+00:00,2.5085
2024-01-23 21:00:00+00:00,2.5085
2024-01-23 22:00:00+00:00,3.9085
2024-01-23 23:00:00+00:00,4.8585
2024-01-24 00:00:00+00:00,4.8585
2024-01-24 01:00:00+00:00,5.4585
2024-01-24 02:00:00+00:00,6.0084996
2024-01-24 03:00:00+00:00,7.0084996
2024-01-24 04:00:00+00:00,7.9585
2024-01-24 05:00:00+00:00,9.158501
2024-01-24 06:00:00+00:00,9.908501
2024-01-24 07:00:00+00:00,10.408501
2024-01-24 08:00:00+00:00,10.0585
2024-01-24 09:00:00+00:00,9.4585
2024-01-24 10:00:00+00:00,9.7085
2024-01-24 11:00:00+00:00,9.4585
2024-01-24 12:00:00+00:00,9.7585
2024-01-24 13:00:00+00:00,9.9585
2024-01-24 14:00:00+00:00,9.7585
2024-01-24 15:00:00+00:00,9.3085
2024-01-24 16:00:00+00:00,8.3585005
2024-01-24 17:00:00+00:00,7.8085
2024-01-24 18:00:00+00:00,7.5585
2024-01-24 19:00:00+00:00,7.1085
2024-01-24 20:00:00+00:00,6.9084997
2024-01-24 21:00:00+00:00,6.9084997
2024-01-24 22:00:00+00:00,7.1584997
2024-01-24 23:00:00+00:00,6.5084996
2024-01-25 00:00:00+00:00,6.0084996
2024-01-25 01:00:00+00:00,7.2085
2024-01-25 02:00:00+00:00,7.0585
2024-01-25 03:00:00+00:00,6.0585
2024-01-25 04:00:00+00:00,6.4084997
2024-01-25 05:00:00+00:00,6.3585
2024-01-25 06:00:00+00:00,6.2085
2024-01-25 07:00:00+00:00,5.8085
2024-01-25 08:00:00+00:00,5.7085
2024-01-25 09:00:00+00:00,6.3085
2024-01-25 10:00:00+00:00,7.2085
2024-01-25 11:00:00+00:00,7.7584996
2024-01-25 12:00:00+00:00,8.0585
2024-01-25 13:00:00+00:00,8.3585005
2024-01-25 14:00:00+00:00,8.2085
2024-01-25 15:00:00+00:00,7.3585
2024-01-25 16:00:00+00:00,6.3585
2024-01-25 17:00:00+00:00,6.0084996
2024-01-25 18:00:00+00:00,5.8085
2024-01-25 19:00:00+00:00,5.7085
2024-01-25 20:00:00+00:00,5.6584997
2024-01-25 21:00:00+00:00,5.4585
2024-01-25 22:00:00+00:00,5.0585
2024-01-25 23:00:00+00:00,4.4084997
2024-01-26 00:00:00+00:00,3.9085
2024-01-26 01:00:00+00:00,3.6585
2024-01-26 02:00:00+00:00,3.4085
2024-01-26 03:00:00+00:00,3.0085
2024-01-26 04:00:00+00:00,2.6585
2024-01-26 05:00:00+00:00,2.6585
2024-01-26 06:00:00+00:00,2.5585
2024-01-26 07:00:00+00:00,2.1585
2024-01-26 08:00:00+00:00,2.4085
2024-01-26 09:00:00+00:00,3.6585
2024-01-26 10:00:00+00:00,6.4084997
2024-01-26 11:00:00+00:00,8.658501
2024-01-26 12:00:00+00:00,8.658501
2024-01-26 13:00:00+00:00,8.0085
2024-01-26 14:00:00+00:00,8.658501
2024-01-26 15:00:00+00:00,9.1085005
2024-01-26 16:00:00+00:00,8.1085005
2024-01-26 17:00:00+00:00,6.9585
2024-01-26 18:00:00+00:00,6.5585
2024-01-26 19:00:00+00:00,5.5585
2024-01-26 20:00:00+00:00,4.9084997
2024-01-26 21:00:00+00:00,4.6085
2024-01-26 22:00:00+00:00,3.9585001
2024-01-26 23:00:00+00:00,3.5585
2024-01-27 00:00:00+00:00,3.5085
2024-01-27 01:00:00+00:00,4.2584996
2024-01-27 02:00:00+00:00,3.9085
2024-01-27 03:00:00+00:00,3.1085
2024-01-27 04:00:00+00:00,2.9585001
2024-01-27 05:00:00+00:00,3.5585
2024-01-27 06:00:00+00:00,4.2085
2024-01-27 07:00:00+00:00,4.5585
2024-01-27 08:00:00+00:00,4.9585
2024-01-27 09:00:00+00:00,5.5585
2024-01-27 10:00:00+00:00,5.8585
2024-01-27 11:00:00+00:00,6.2085
2024-01-27 12:00:00+00:00,6.2085
2024-01-27 13:00:00+00:00,6.5585
2024-01-27 14:00:00+00:00,6.7584996
2024-01-27 15:00:00+00:00,5.9585
2024-01-27 16:00:00+00:00,4.2584996
2024-01-27 17:00:00+00:00,3.4085
2024-01-27 18:00:00+00:00,2.8585
2024-01-27 19:00:00+00:00,2.3085
2024-01-27 20:00:00+00:00,2.0085
2024-01-27 21:00:00+00:00,1.6085
2024-01-27 22:00:00+00:00,1.3585
2024-01-27 23:00:00+00:00,1.2085
2024-01-28 00:00:00+00:00,1.6085
2024-01-28 01:00:00+00:00,1.4085001
2024-01-28 02:00:00+00:00,0.108500004
2024-01-28 03:00:00+00:00,-1.8915
2024-01-28 04:00:00+00:00,-2.2415
2024-01-28 05:00:00+00:00,-2.0414999
2024-01-28 06:00:00+00:00,-1.9914999
2024-01-28 07:00:00+00:00,-2.1415
2024-01-28 08:00:00+00:00,-1.0914999
2024-01-28 09:00:00+00:00,0.5585
2024-01-28 10:00:00+00:00,2.5085
2024-01-28 11:00:00+00:00,4.3585
2024-01-28 12:00:00+00:00,5.7085
2024-01-28 13:00:00+00:00,6.4084997
2024-01-28 14:00:00+00:00,6.3085
2024-01-28 15:00:00+00:00,5.1584997
2024-01-28 16:00:00+00:00,3.4585001
2024-01-28 17:00:00+00:00,2.6085
2024-01-28 18:00:00+00:00,2.1585
2024-01-28 19:00:00+00:00,1.8085
2024-01-28 20:00:00+00:00,1.4085001
2024-01-28 21:00:00+00:00,1.0585
2024-01-28 22:00:00+00:00,0.5585
2024-01-28 23:00:00+00:00,0.0585
2024-01-29 00:00:00+00:00,-0.1415
2024-01-29 01:00:00+00:00,0.1585
2024-01-29 02:00:00+00:00,0.0585
2024-01-29 03:00:00+00:00,0.1585
2024-01-29 04:00:00+00:00,0.008499999
2024-01-29 05:00:00+00:00,-0.1415
2024-01-29 06:00:00+00:00,-0.041500002
2024-01-29 07:00:00+00:00,0.3085
2024-01-29 08:00:00+00:00,1.5085001
2024-01-29 09:00:00+00:00,3.5585
2024-01-29 10:00:00+00:00,5.3585
2024-01-29 11:00:00+00:00,7.0585
2024-01-29 12:00:00+00:00,7.9084997
2024-01-29 13:00:00+00:00,8.158501
2024-01-29 14:00:00+00:00,8.2585
2024-01-29 15:00:00+00:00,6.9585
2024-01-29 16:00:00+00:00,5.2085
2024-01-29 17:00:00+00:00,4.2584996
2024-01-29 18:00:00+00:00,4.1085
2024-01-29 19:00:00+00:00,3.4085
2024-01-29 20:00:00+00:00,2.6085
2024-01-29 21:00:00+00:00,2.3085
2024-01-29 22:00:00+00:00,2.0085
2024-01-29 23:00:00+00:00,1.4585
2024-01-30 00:00:00+00:00,1.1585001
2024-01-30 01:00:00+00:00,1.0585
2024-01-30 02:00:00+00:00,0.8585
2024-01-30 03:00:00+00:00,1.0085
2024-01-30 04:00:00+00:00,1.0085
2024-01-30 05:00:00+00:00,1.0585
2024-01-30 06:00:00+00:00,1.3085
2024-01-30 07:00:00+00:00,1.4585
2024-01-30 08:00:00+00:00,2.5085
2024-01-30 09:00:00+00:00,3.9585001
2024-01-30 10:00:00+00:00,5.5084996
2024-01-30 11:00:00+00:00,6.8585
2024-01-30 12:00:00+00:00,7.5585
2024-01-30 13:00:00+00:00,7.9585
2024-01-30 14:00:00+00:00,8.3085
2024-01-30 15:00:00+00:00,7.4585
2024-01-30 16:00:00+00:00,6.2584996
2024-01-30 17:00:00+00:00,5.9585
2024-01-30 18:00:00+00:00,5.9084997
2024-01-30 19:00:00+00:00,5.9084997
2024-01-30 20:00:00+00:00,6.3085
2024-01-30 21:00:00+00:00,6.5585
2024-01-30 22:00:00+00:00,6.8585
2024-01-30 23:00:00+00:00,6.6584997
2024-01-31 00:00:00+00:00,6.3585
2024-01-31 01:00:00+00:00,6.5084996
2024-01-31 02:00:00+00:00,7.1584997
2024-01-31 03:00:00+00:00,7.6085
2024-01-31 04:00:00+00:00,7.2584996
2024-01-31 05:00:00+00:00,6.8085
2024-01-31 06:00:00+00:00,6.1584997
2024-01-31 07:00:00+00:00,5.7584996
2024-01-31 08:00:00+00:00,5.8085
2024-01-31 09:00:00+00:00,5.7584996
2024-01-31 10:00:00+00:00,5.9585
2024-01-31 11:00:00+00:00,6.3585
2024-01-31 12:00:00+00:00,6.5585
2024-01-31 13:00:00+00:00,5.0585
2024-01-31 14:00:00+00:00,5.1584997
2024-01-31 15:00:00+00:00,4.8085
2024-01-31 16:00:00+00:00,3.9085
2024-01-31 17:00:00+00:00,2.6585
2024-01-31 18:00:00+00:00,2.5085
2024-01-31 19:00:00+00:00,2.5085
2024-01-31 20:00:00+00:00,1.7585001
2024-01-31 21:00:00+00:00,1.6085
2024-01-31 22:00:00+00:00,2.2585
2024-01-31 23:00:00+00:00,2.4085
2024-02-01 00:00:00+00:00,2.6585
2024-02-01 01:00:00+00:00,3.9085
2024-02-01 02:00:00+00:00,4.3585
2024-02-01 03:00:00+00:00,4.4084997
2024-02-01 04:00:00+00:00,4.3585
